user_input,response,reference,answer_correctness
"If my future wife has the same first name as the 15th first lady of the United States' mother and her surname is the same as the second assassinated president's mother's maiden name, what is my future wife's name? ","The 15th First Lady of the United States, Edith Wilson, has a mother named ""Sarah."" The second assassinated U.S. president is James A. Garfield, whose mother's maiden name was ""Ballou."" Therefore, your future wife's name would be Sarah Ballou.",Jane Ballou,0.19815312624742046
"Imagine there is a building called Bronte tower whose height in feet is the same number as the dewey decimal classification for the Charlotte Bronte book that was published in 1847. Where would this building rank among tallest buildings in New York City, as of August 2024?","The Dewey Decimal Classification (DDC) for a Charlotte Bronte book, such as ""Jane Eyre,"" which was published in 1847, typically falls under 823.8 (for 19th-century English fiction). Therefore, Bronte Tower would have a height of 823.8 feet.

In August 2024, with the existing data, to determine where Bronte Tower would rank among the tallest buildings in New York City, we compare its height to the known tall buildings in the city. Based on the context provided, One World Trade Center is the tallest at 1,776 feet, followed by Central Park Tower at 1,550 feet, 111 West 57th Street at 1,428 feet, One Vanderbilt at 1,401 feet, and 432 Park Avenue at 1,397 feet. 

Given this, Bronte Tower at 823.8 feet would not rank among the very tallest buildings in New York City, but it would still be considered a significant high-rise, surpassing many other buildings that are not included in the top ranks. It would likely fall outside the top 10 tallest buildings in the city.",37th,0.18420492379322978
How many years earlier would Punxsutawney Phil have to be canonically alive to have made a Groundhog Day prediction in the same state as the US capitol?,"The U.S. Capitol's current recognizable state is largely defined by the completion of its cast-iron dome designed by Thomas U. Walter, which was completed in 1866. 

According to the lore, Punxsutawney Phil has been making predictions since 1886. Therefore, Phil would have to be canonically alive 20 years earlier than he is said to have started making predictions in 1886 to have made a Groundhog Day prediction when the U.S. Capitol was in its present form in 1866.",87,0.63502591048209
"As of August 1, 2024, which country were holders of the FIFA World Cup the last time the UEFA Champions League was won by a club from London?","As of August 1, 2024, the last time a London-based club won the UEFA Champions League was in 2021 when Chelsea won the title. At that time, the FIFA World Cup title was held by France, who won the 2018 FIFA World Cup.",France,0.1898620194583605
What is the name of the vocalist from the first band to make it in the top 200 under the record label that produced the third studio album for Dismal Euphony?,The first band to enter the top 200 under Nuclear Blast was Meshuggah. The vocalist for Meshuggah is Jens Kidman.,Jens Kidman,0.19835017735101645
"According to the 2000 United States census, what was the 2000 population of the birth city of the only 21st-century mayor of Austin, Texas who also served as mayor in the 1990s? Round your answer to the nearest thousand.","Kirk Watson was born in Oklahoma City. According to the 2000 United States census, the population of Oklahoma City was 506,000 (rounded to the nearest thousand).",506000,0.18666587571427348
I have an element in mind and would like you to identify the person it was named after. Here's a clue: The element's atomic number is 9 higher than that of an element discovered by the scientist who discovered Zirconium in the same year.,"The element Zirconium was discovered by Martin Heinrich Klaproth in 1789. The element with an atomic number that is 9 higher than an element discovered in the same year, which would be Uranium (also discovered by Klaproth in 1789 with atomic number 92), is Plutonium with atomic number 94. Plutonium is named after the dwarf planet Pluto.",Mendelevium is named after Dmitri Mendeleev.,0.20028157290395796
"As of Aug 3, 2024, the artist who released the album ""Father of Asahd"" went to the same high school as an Olympic diver. How many Olympic teams did this diver participate on?","The diver you're referring to is Tom Daley, who attended Plymouth College, the same high school as DJ Khaled, the artist who released the album ""Father of Asahd."" As of August 3, 2024, Tom Daley has participated in four Olympic teams: 2008 Beijing, 2012 London, 2016 Rio, and 2020 Tokyo.",2,0.18566898166848833
A general motors vehicle is named after the largest ward in the country of Monaco.  How many people had walked on the moon as of the first model year of the vehicle? Note: the model year is not the same as the year the model was first produced.,"The first model year of the Chevrolet Monte Carlo was 1970. As of 1970, twelve people had walked on the moon. The Apollo missions, which enabled humans to walk on the moon, first landed with Apollo 11 in July 1969, and the last one to have astronauts walk on the moon was Apollo 17 in December 1972.",4,0.18260263520126632
"The Pope born Pietro Barbo ended a long-running war two years after his papacy began, which famous conflict, immortalized in tapestry took place 400 years earlier?","The Pope born Pietro Barbo, known as Pope Paul II, became pope in 1464 and two years later ended the Thirteen Years' War (1454-1466) between Poland and the Teutonic Order. Approximately 400 years before this war ended, the famous conflict that took place was the Battle of Hastings in 1066, which is immortalized in the Bayeux Tapestry.",The Battle of Hastings.,0.4233643267081353
"An Australian artist, born the same year as artist Janet Cumbrae Stewart and fellow member of the Melbourne Society of Women Painters and Sculptors, had her painting featured on the cover of Women's World Magazine in 1923. What is the name of the painting?","The name of the painting featured on the cover of Women's World Magazine in 1923 is ""Reve d'Or"" by Dora Lynnell Wilson.",Reve d'Or,0.20928411667387362
"As of July 1, 2024, what is the parent company of the current record label of the singer of Edge of Seventeen?","As of July 1, 2024, the parent company of Reprise Records, the current record label of Stevie Nicks, is Warner Music Group.",Warner Music Group,0.2173565843361058
The Basibasy mine is located in Madagascar. This mine is abundant in a specific chemical element that was discovered for the first time in 1791. The person who discovered this element was born on what is now known as a major US holiday - what holiday is this?,"The element you're referring to is titanium, which was discovered in 1791 by William Gregor. According to the context, Gregor was born on December 25, 1761, which is now celebrated as Christmas Day, a major holiday in the United States and many other countries.",Christmas,0.19580447665839226
"One of Barbara Kingsolver's best known novels is about an American missionary family which moves to Africa. At the time, the country they move to was a Belgian colony. Which year did it become independent?","The country that was a Belgian colony and served as the setting for Barbara Kingsolver's novel ""The Poisonwood Bible"" gained independence in 1960.",1960,0.9557939874562573
Which football player got 15 or more assists in La Liga during the 2010-2011 season and also played for Arsenal at one point in his career?,Mesut Özil achieved 15 or more assists in La Liga during the 2010-2011 season and also played for Arsenal at a later point in his career.,This was Mesut Ozil.,0.9663634109118326
In Slovakia there is a well known Film Festival called the Bratistlava International Film Festival. What city/ town was the film editor for the Grand Prix winner of 2003 born in?,"The movie that won the Grand Prix at the Bratislava International Film Festival in 2003 is ""Bored in Brno."" The film editor for ""Bored in Brno"" is Jiří Brožek. Unfortunately, my current data does not include the birthplace of Jiří Brožek.",Roudnice nad Labem,0.19436827797097833
"On March 7th, 2012, the director James Cameron explored a very deep underseas trench.  As of August 3, 2024, how many times would the tallest building in San Francisco fit end to end from the bottom of the New Britain Trench to the surface of the ocean? The answer should be a rounded-off whole number.   ","The New Britain Trench reaches a maximum depth of 29,988 feet (9,140 meters) below sea level. The Salesforce Tower, the tallest building in San Francisco, is 1,070 feet (330 meters) tall.

To calculate how many times the Salesforce Tower would fit end to end from the bottom of the New Britain Trench to the surface of the ocean, divide the depth of the trench by the height of the building:

29,988 feet ÷ 1,070 feet ≈ 28.03

Rounded to the nearest whole number, the Salesforce Tower would fit approximately 28 times from the bottom of the New Britain Trench to the ocean surface.",28,0.1841900364240457
"In August of 2024, what is the first name of the mayor of the U.S. state capital city who attended the same university as at least one U.S. president and whose city is home to an outgoing or former full member of the Big 12 Conference","The first name of the mayor of Austin, Texas, in August 2024 is likely ""Kirk,"" as Kirk Watson is currently serving as the mayor and began his second term in January 2023.",Leirion,0.18165841569867563
"How many years after the founding of the 50th most populous US city, based on 2023 estimate population data, did Frank Fox receive UK Patent (1344259)?",I don't know.,"98 Years (Arlington, TX & Rubik's Cube)",0.18449299294345634
"As of August 4, 2024, in what state was the first secretary of the latest United States federal executive department born?","Tom Ridge was born in Munhall, Pennsylvania.",Pennsylvania,0.2070581268702107
"As of August 1 2024, what is the most recently described genus of Colosteidae?",I don't know.,"Deltaherpeton, first described in 2010",0.1843486005322558
Małgorzata Rożniecka is a model who won the title of Miss International. What is the difference in title years from when she won and the pageant winner who was murdered by her stalker?,"Małgorzata Rożniecka won Miss International in 2001. The only Miss International winner who was murdered by a stalker was Miss International 1992, Agnieszka Kotlarska. The difference in title years between their wins is 9 years, from 1992 to 2001.",10 years,0.9322557721672751
"According to the 1990 United States census, what was the total population of the cities in Oklahoma that had at least 100,000 residents according to the 2020 United States census?","I'm sorry, but I don't have the specific population numbers for Oklahoma cities from the 1990 United States census in the provided context. Therefore, I cannot accurately determine the total population of Oklahoma cities with at least 100,000 residents in 2020 based on the 1990 census data.",950135,0.18077653019699405
"What was the political party of the person who advocated for the type of government used in Chikhali, Latur district to become the foundation of India's political system?","The individual who advocated for the Panchayati Raj system, which is used as a form of government in many local areas across India including Chikhali in the Latur district, was Mahatma Gandhi. He envisioned Gram Swaraj, or village self-governance, through the Panchayati Raj system. Gandhi did not belong to a conventional political party as understood today but was a leading figure of the Indian National Congress, which was the primary organization advocating for Indian independence during his time.",Indian National Congress,0.9548619126256241
"Giorgio Rognoni was an Italian professional footballer who played as a midfielder. 10 years after his death who was the midfielder who played in Milan that was born in Besana in Brianza,?","Demetrio Albertini is the midfielder born in Besana in Brianza who played in Milan. Giorgio Rognoni, who was also a midfielder, passed away in 1986, and Albertini began his professional career with AC Milan debuting in Serie A in 1989.",Demetrio Albertini,0.22582485327899976
What was the age difference between Mike Tyson and Tyson Fury on the respective days on which they lost their first ever fights? Represent the figure in years only.,"Mike Tyson lost his first professional boxing match to Buster Douglas on February 11, 1990. Tyson was born on June 30, 1966, which made him 23 years old at the time of his first loss.

Tyson Fury lost his first professional boxing match to Oleksandr Usyk on May 18, 2024. Fury was born on August 12, 1988, which made him 35 years old at the time of his first loss.

The age difference between Mike Tyson and Tyson Fury on the days they each lost their first professional boxing matches is 35 - 23 = 12 years.",12 years.,0.9368380902792107
"Using the Pruett rule, out of all of the blue moons that occurred between the beginning of World War I and the end of World War II, how many of them occurred on the 31st of the month?","To determine the number of blue moons that occurred on the 31st of the month between the beginning of World War I and the end of World War II using the Pruett rule, we need to consider the months that have 31 days, as a blue moon on the 31st is only possible in those months. The months with 31 days are January, March, May, July, August, October, and December.

Between July 28, 1914, and September 2, 1945, there were two full months: August 1914 through September 1945. Let's check the blue moon occurrences in these relevant months using the Pruett rule:

- The next possibility for a blue moon is in January or March since it's more common for the first in January and the second in March.

Given that blue moons on the 31st are rare using the Pruett rule, this was positively documented on January 31, 1915, highlighting that it is quite unusual for a blue moon to also land precisely on the last day of those specific months.

From the context given, it appears the only possibility present using that rule was indeed noted in January 1915, while checking for any others as necessary might lean back into misinterpretation without documentation, especially since no other detailed blue moon lists from those years were extracted. Therefore, appropriately figuring out only one occasion fits criteria here within timeframe given for the Pruett rule with specifics.",9,0.1833394237157142
What number would Tommy Lawton have worn playing for Chelsea FC?,"Based on traditional squad numbering and his position as a centre-forward, Tommy Lawton would likely have worn the number 9 while playing for Chelsea FC.",9,0.19747455893582935
"If you subtract the year that William McCrary ""Billy"" Ray II was born from the year Obama was first sworn in as President to the United States and multiply it by the number of administrative regions in France as of January 1, 2024, what number would you get?","To solve this, let's break down the problem into a few steps:

1. We need to know the birth year of William McCrary ""Billy"" Ray II. However, the exact birth year isn't provided in the given context. Therefore, I can't calculate his age in 2009 when Barack Obama was first sworn in as President.

2. Obama was first sworn in as President of the USA on January 20, 2009.

3. The number of administrative regions in France as of January 1, 2024, remains the same as the current number presented in the context, which is 18 regions (13 in metropolitan France and 5 overseas).

Without the birth year of William McCrary ""Billy"" Ray II, I cannot complete the calculations. Therefore, I'm unable to answer the question.",828,0.18373081969461025
"If Princess Diana had been born three years earlier, who would have been Prime Minister when she was ten? ","If Princess Diana had been born on July 1, 1958, she would have turned ten years old on July 1, 1968. The Prime Minister of the United Kingdom at that time was Harold Wilson. Harold Wilson was the Prime Minister from 1964 to 1970.",Harold Wilson,0.19945657219446364
