Prompt,Answer,model_response
"If my future wife has the same first name as the 15th first lady of the United States' mother and her surname is the same as the second assassinated president's mother's maiden name, what is my future wife's name? ",Jane Ballou,"The 15th First Lady of the United States, Edith Wilson, has a mother named ""Sarah."" The second assassinated U.S. president is James A. Garfield, whose mother's maiden name was ""Ballou."" Therefore, your future wife's name would be Sarah Ballou."
"Imagine there is a building called Bronte tower whose height in feet is the same number as the dewey decimal classification for the Charlotte Bronte book that was published in 1847. Where would this building rank among tallest buildings in New York City, as of August 2024?",37th,"The Dewey Decimal Classification (DDC) for a Charlotte Bronte book, such as ""Jane Eyre,"" which was published in 1847, typically falls under 823.8 (for 19th-century English fiction). Therefore, Bronte Tower would have a height of 823.8 feet.

In August 2024, with the existing data, to determine where Bronte Tower would rank among the tallest buildings in New York City, we compare its height to the known tall buildings in the city. Based on the context provided, One World Trade Center is the tallest at 1,776 feet, followed by Central Park Tower at 1,550 feet, 111 West 57th Street at 1,428 feet, One Vanderbilt at 1,401 feet, and 432 Park Avenue at 1,397 feet. 

Given this, Bronte Tower at 823.8 feet would not rank among the very tallest buildings in New York City, but it would still be considered a significant high-rise, surpassing many other buildings that are not included in the top ranks. It would likely fall outside the top 10 tallest buildings in the city."
How many years earlier would Punxsutawney Phil have to be canonically alive to have made a Groundhog Day prediction in the same state as the US capitol?,87,"The U.S. Capitol's current recognizable state is largely defined by the completion of its cast-iron dome designed by Thomas U. Walter, which was completed in 1866. 

According to the lore, Punxsutawney Phil has been making predictions since 1886. Therefore, Phil would have to be canonically alive 20 years earlier than he is said to have started making predictions in 1886 to have made a Groundhog Day prediction when the U.S. Capitol was in its present form in 1866."
"As of August 1, 2024, which country were holders of the FIFA World Cup the last time the UEFA Champions League was won by a club from London?",France,"As of August 1, 2024, the last time a London-based club won the UEFA Champions League was in 2021 when Chelsea won the title. At that time, the FIFA World Cup title was held by France, who won the 2018 FIFA World Cup."
What is the name of the vocalist from the first band to make it in the top 200 under the record label that produced the third studio album for Dismal Euphony?,Jens Kidman,The first band to enter the top 200 under Nuclear Blast was Meshuggah. The vocalist for Meshuggah is Jens Kidman.
"According to the 2000 United States census, what was the 2000 population of the birth city of the only 21st-century mayor of Austin, Texas who also served as mayor in the 1990s? Round your answer to the nearest thousand.",506000,"Kirk Watson was born in Oklahoma City. According to the 2000 United States census, the population of Oklahoma City was 506,000 (rounded to the nearest thousand)."
I have an element in mind and would like you to identify the person it was named after. Here's a clue: The element's atomic number is 9 higher than that of an element discovered by the scientist who discovered Zirconium in the same year.,Mendelevium is named after Dmitri Mendeleev.,"The element Zirconium was discovered by Martin Heinrich Klaproth in 1789. The element with an atomic number that is 9 higher than an element discovered in the same year, which would be Uranium (also discovered by Klaproth in 1789 with atomic number 92), is Plutonium with atomic number 94. Plutonium is named after the dwarf planet Pluto."
"As of Aug 3, 2024, the artist who released the album ""Father of Asahd"" went to the same high school as an Olympic diver. How many Olympic teams did this diver participate on?",2,"The diver you're referring to is Tom Daley, who attended Plymouth College, the same high school as DJ Khaled, the artist who released the album ""Father of Asahd."" As of August 3, 2024, Tom Daley has participated in four Olympic teams: 2008 Beijing, 2012 London, 2016 Rio, and 2020 Tokyo."
A general motors vehicle is named after the largest ward in the country of Monaco.  How many people had walked on the moon as of the first model year of the vehicle? Note: the model year is not the same as the year the model was first produced.,4,"The first model year of the Chevrolet Monte Carlo was 1970. As of 1970, twelve people had walked on the moon. The Apollo missions, which enabled humans to walk on the moon, first landed with Apollo 11 in July 1969, and the last one to have astronauts walk on the moon was Apollo 17 in December 1972."
"The Pope born Pietro Barbo ended a long-running war two years after his papacy began, which famous conflict, immortalized in tapestry took place 400 years earlier?",The Battle of Hastings.,"The Pope born Pietro Barbo, known as Pope Paul II, became pope in 1464 and two years later ended the Thirteen Years' War (1454-1466) between Poland and the Teutonic Order. Approximately 400 years before this war ended, the famous conflict that took place was the Battle of Hastings in 1066, which is immortalized in the Bayeux Tapestry."
"An Australian artist, born the same year as artist Janet Cumbrae Stewart and fellow member of the Melbourne Society of Women Painters and Sculptors, had her painting featured on the cover of Women's World Magazine in 1923. What is the name of the painting?",Reve d'Or,"The name of the painting featured on the cover of Women's World Magazine in 1923 is ""Reve d'Or"" by Dora Lynnell Wilson."
"As of July 1, 2024, what is the parent company of the current record label of the singer of Edge of Seventeen?",Warner Music Group,"As of July 1, 2024, the parent company of Reprise Records, the current record label of Stevie Nicks, is Warner Music Group."
The Basibasy mine is located in Madagascar. This mine is abundant in a specific chemical element that was discovered for the first time in 1791. The person who discovered this element was born on what is now known as a major US holiday - what holiday is this?,Christmas,"The element you're referring to is titanium, which was discovered in 1791 by William Gregor. According to the context, Gregor was born on December 25, 1761, which is now celebrated as Christmas Day, a major holiday in the United States and many other countries."
"One of Barbara Kingsolver's best known novels is about an American missionary family which moves to Africa. At the time, the country they move to was a Belgian colony. Which year did it become independent?",1960,"The country that was a Belgian colony and served as the setting for Barbara Kingsolver's novel ""The Poisonwood Bible"" gained independence in 1960."
Which football player got 15 or more assists in La Liga during the 2010-2011 season and also played for Arsenal at one point in his career?,This was Mesut Ozil.,Mesut Özil achieved 15 or more assists in La Liga during the 2010-2011 season and also played for Arsenal at a later point in his career.
In Slovakia there is a well known Film Festival called the Bratistlava International Film Festival. What city/ town was the film editor for the Grand Prix winner of 2003 born in?,Roudnice nad Labem,"The movie that won the Grand Prix at the Bratislava International Film Festival in 2003 is ""Bored in Brno."" The film editor for ""Bored in Brno"" is Jiří Brožek. Unfortunately, my current data does not include the birthplace of Jiří Brožek."
"On March 7th, 2012, the director James Cameron explored a very deep underseas trench.  As of August 3, 2024, how many times would the tallest building in San Francisco fit end to end from the bottom of the New Britain Trench to the surface of the ocean? The answer should be a rounded-off whole number.   ",28,"The New Britain Trench reaches a maximum depth of 29,988 feet (9,140 meters) below sea level. The Salesforce Tower, the tallest building in San Francisco, is 1,070 feet (330 meters) tall.

To calculate how many times the Salesforce Tower would fit end to end from the bottom of the New Britain Trench to the surface of the ocean, divide the depth of the trench by the height of the building:

29,988 feet ÷ 1,070 feet ≈ 28.03

Rounded to the nearest whole number, the Salesforce Tower would fit approximately 28 times from the bottom of the New Britain Trench to the ocean surface."
"In August of 2024, what is the first name of the mayor of the U.S. state capital city who attended the same university as at least one U.S. president and whose city is home to an outgoing or former full member of the Big 12 Conference",Leirion,"The first name of the mayor of Austin, Texas, in August 2024 is likely ""Kirk,"" as Kirk Watson is currently serving as the mayor and began his second term in January 2023."
"How many years after the founding of the 50th most populous US city, based on 2023 estimate population data, did Frank Fox receive UK Patent (1344259)?","98 Years (Arlington, TX & Rubik's Cube)",I don't know.
"As of August 4, 2024, in what state was the first secretary of the latest United States federal executive department born?",Pennsylvania,"Tom Ridge was born in Munhall, Pennsylvania."
"As of August 1 2024, what is the most recently described genus of Colosteidae?","Deltaherpeton, first described in 2010",I don't know.
Małgorzata Rożniecka is a model who won the title of Miss International. What is the difference in title years from when she won and the pageant winner who was murdered by her stalker?,10 years,"Małgorzata Rożniecka won Miss International in 2001. The only Miss International winner who was murdered by a stalker was Miss International 1992, Agnieszka Kotlarska. The difference in title years between their wins is 9 years, from 1992 to 2001."
"According to the 1990 United States census, what was the total population of the cities in Oklahoma that had at least 100,000 residents according to the 2020 United States census?",950135,"I'm sorry, but I don't have the specific population numbers for Oklahoma cities from the 1990 United States census in the provided context. Therefore, I cannot accurately determine the total population of Oklahoma cities with at least 100,000 residents in 2020 based on the 1990 census data."
"What was the political party of the person who advocated for the type of government used in Chikhali, Latur district to become the foundation of India's political system?",Indian National Congress,"The individual who advocated for the Panchayati Raj system, which is used as a form of government in many local areas across India including Chikhali in the Latur district, was Mahatma Gandhi. He envisioned Gram Swaraj, or village self-governance, through the Panchayati Raj system. Gandhi did not belong to a conventional political party as understood today but was a leading figure of the Indian National Congress, which was the primary organization advocating for Indian independence during his time."
"Giorgio Rognoni was an Italian professional footballer who played as a midfielder. 10 years after his death who was the midfielder who played in Milan that was born in Besana in Brianza,?",Demetrio Albertini,"Demetrio Albertini is the midfielder born in Besana in Brianza who played in Milan. Giorgio Rognoni, who was also a midfielder, passed away in 1986, and Albertini began his professional career with AC Milan debuting in Serie A in 1989."
What was the age difference between Mike Tyson and Tyson Fury on the respective days on which they lost their first ever fights? Represent the figure in years only.,12 years.,"Mike Tyson lost his first professional boxing match to Buster Douglas on February 11, 1990. Tyson was born on June 30, 1966, which made him 23 years old at the time of his first loss.

Tyson Fury lost his first professional boxing match to Oleksandr Usyk on May 18, 2024. Fury was born on August 12, 1988, which made him 35 years old at the time of his first loss.

The age difference between Mike Tyson and Tyson Fury on the days they each lost their first professional boxing matches is 35 - 23 = 12 years."
"Using the Pruett rule, out of all of the blue moons that occurred between the beginning of World War I and the end of World War II, how many of them occurred on the 31st of the month?",9,"To determine the number of blue moons that occurred on the 31st of the month between the beginning of World War I and the end of World War II using the Pruett rule, we need to consider the months that have 31 days, as a blue moon on the 31st is only possible in those months. The months with 31 days are January, March, May, July, August, October, and December.

Between July 28, 1914, and September 2, 1945, there were two full months: August 1914 through September 1945. Let's check the blue moon occurrences in these relevant months using the Pruett rule:

- The next possibility for a blue moon is in January or March since it's more common for the first in January and the second in March.

Given that blue moons on the 31st are rare using the Pruett rule, this was positively documented on January 31, 1915, highlighting that it is quite unusual for a blue moon to also land precisely on the last day of those specific months.

From the context given, it appears the only possibility present using that rule was indeed noted in January 1915, while checking for any others as necessary might lean back into misinterpretation without documentation, especially since no other detailed blue moon lists from those years were extracted. Therefore, appropriately figuring out only one occasion fits criteria here within timeframe given for the Pruett rule with specifics."
What number would Tommy Lawton have worn playing for Chelsea FC?,9,"Based on traditional squad numbering and his position as a centre-forward, Tommy Lawton would likely have worn the number 9 while playing for Chelsea FC."
"If you subtract the year that William McCrary ""Billy"" Ray II was born from the year Obama was first sworn in as President to the United States and multiply it by the number of administrative regions in France as of January 1, 2024, what number would you get?",828,"To solve this, let's break down the problem into a few steps:

1. We need to know the birth year of William McCrary ""Billy"" Ray II. However, the exact birth year isn't provided in the given context. Therefore, I can't calculate his age in 2009 when Barack Obama was first sworn in as President.

2. Obama was first sworn in as President of the USA on January 20, 2009.

3. The number of administrative regions in France as of January 1, 2024, remains the same as the current number presented in the context, which is 18 regions (13 in metropolitan France and 5 overseas).

Without the birth year of William McCrary ""Billy"" Ray II, I cannot complete the calculations. Therefore, I'm unable to answer the question."
"If Princess Diana had been born three years earlier, who would have been Prime Minister when she was ten? ",Harold Wilson,"If Princess Diana had been born on July 1, 1958, she would have turned ten years old on July 1, 1968. The Prime Minister of the United Kingdom at that time was Harold Wilson. Harold Wilson was the Prime Minister from 1964 to 1970."
"As of August 1, 2024, what is the population of the writer of the ""Culdcept Saga""'s birthplace? Write the answer to the nearest million, in characters.",Two million.,I don't know.
What is the middle name of the U.S. president who died on the same day of the year as Virginia Woolf?,David,"The U.S. president who died on March 28 was Dwight D. Eisenhower. His middle name is ""David."""
"As of 2010, if you added the number of times Brazil had won the World Cup to the amount of times the Chicago Bulls had won the NBA Championship and multiplied this number by the amount of times the Dallas Cowboys had won the Super Bowl, what number are you left with?",55,"As of 2010:

- Brazil had won the World Cup 5 times (1958, 1962, 1970, 1994, and 2002).
- The Chicago Bulls had won the NBA Championship 6 times (1991, 1992, 1993, 1996, 1997, and 1998).
- The Dallas Cowboys had won the Super Bowl 5 times (1971, 1977, 1992, 1993, and 1995).

First, add the number of times Brazil and the Bulls have won: 5 (Brazil) + 6 (Bulls) = 11.

Next, multiply this sum by the number of times the Cowboys have won: 11 × 5 = 55.

The resulting number is 55."
How old would the founder of the publishing company of the magazine that serialized the manga series Raw Hero have been the year the magazine ended publication?,145,"Seiji Noma was born in 1878. To find out how many years it would have been since his birth in 2023, we subtract the year of his birth from 2023:

2023 - 1878 = 145

Therefore, Seiji Noma would have been 145 years old in 2023."
The oldest extant football team in Italy plays in a stadium.   The stadium is named after a person.   Who was the emperor of China when that person was 5 years old?,Guangxu,"Luigi Ferraris was born on November 18, 1887. When he was five years old, it was the year 1892. The emperor of China at that time was the Guangxu Emperor, who reigned from 1875 to 1908."
"Of the four main characters on Seinfeld, which actor is the oldest?",Michael Richards,"Of the four main characters on Seinfeld, Jerry Seinfeld was born first. He was born on April 29, 1954."
"How old was Harvard University, when the person whom the longest river in British Columbia is named after, was born?  The river in question only flows within the confines of British Columbia and does not enter any other province or territory.  ",140 years old.,"Simon Fraser was born on May 20, 1776. Harvard University was founded in 1636. To find out how old Harvard University was when Simon Fraser was born, subtract the founding year of Harvard from Simon Fraser's birth year:

1776 - 1636 = 140

Harvard University was 140 years old when Simon Fraser was born."
"On the same day that the The Mercedes-Benz W222 arrived at dealerships, a star of the sit-com Modern Family was wed. Who did the star marry?",Justin Mikita,"Jesse Tyler Ferguson married Justin Mikita on July 20, 2013, the same day the Mercedes-Benz W222 arrived at dealerships."
Which species from the genus mulona are both found in the same country?,Mulona barnesi and mulona schausi,"I don't have information on the genus Mulona or specific species within it. If you have details about this genus or the species you're referring to, it might help to narrow down a more accurate answer. Otherwise, I recommend researching specific databases or resources dedicated to taxonomy or biodiversity for detailed genus information."
"As of July 1, 2024, if I wanted to give my daughter the middle name of the American woman who is the most decorated female in the history of American gymnastics as her first name and the full first name of the American woman who holds the world record in the 800-meter freestyle as her middle name, what would I name my daughter? ",Arianne Kathleen,"You would name your daughter Simone Kathleen. Simone is the middle name of Simone Biles, the most decorated female gymnast in American history, and Kathleen is the full first name of Katie Ledecky, who holds the world record in the 800-meter freestyle."
I am thinking of a Ancient Roman City.  The city was destroyed by volcanic eruption.  The eruption occurred in the year 79 AD.  The volcano was a stratovolcano.    Where was the session held where it was decided that the city would be named a UNESCO world heritage site?,Naples,I don't know the specific location where the session was held that led to Pompeii being named a UNESCO World Heritage Site.
What Formula One car was driven in 1994 by the nephew of a racing driver from Italy who drove a Ferrari 312T and shares a last name with a common cocktail drink?,Minardi M194,"The Formula One car driven in 1994 by Pierluigi Martini, the nephew of Italian racing driver Giancarlo Martini who drove a Ferrari 312T, is the Minardi M194."
"As of August 1, 2024, who is the president of the team that inspired the original name of the Washington Commanders?",Derek Schiller,"I don't know who the current president of the Atlanta Braves is as of August 1, 2024. The Atlanta Braves are the baseball team that inspired the original name of the Washington Commanders."
"As of 2023, how many more employees does the company alphabetically first by ticker symbol in the S&P500 have than the company alphabetically 2nd to last by ticker symbol in the S&P500?","8,350","I'm sorry, but I don't have access to the specific employee numbers for Agilent Technologies, Inc. and Zoetis Inc. for 2023. You may need to refer to their official annual reports or corporate websites for the most accurate and updated information."
"I am moving to the G40 postcode area - what train stations are nearby, as of 2024?",Bridgeton Railway Station and Dalmarnock Railway Station.,I don't know.
How old was Stephen Baldwin when Hailey and Justin got married?,52,"Hailey Baldwin married Justin Bieber in September 2018. Stephen Baldwin was born on May 12, 1966, so he would have been 52 years old at the time of their marriage."
"As of August 1, 2024, what is the largest city of the 9th largest country by land area in Europe?",The largest city of the 9th largest country in Europe is Warsaw.,"As of the latest data available to me, Poland is the 9th largest country by land area in Europe. Warsaw, the capital of Poland, is the largest city in the country."
What was the running time of the first cartoon in the series that inspired the name of the Looney Tunes franchise?,5 minutes and 31 seconds,"The running time of the first cartoon in the Merrie Melodies series, which was ""Congo Jazz,"" is not specified in the provided context. Therefore, I don't have that information."
"The state, whose motto was adopted March 26, 1928, has 0.94% of the population in 2024 speaking a language that is native to which country?",Philippines,"The motto of Maine, ""Dirigo"" (meaning ""I lead""), was adopted on March 26, 1928. In 2024, 0.94% of the population of Maine speaks French. The language French is native to France, and French speakers in Maine are largely influenced by the state's history of French American and French Canadian residents."
"As of 2024, at the time of his birth, what was the middle name of the U.S. president who won Alaska, graduated from Yale University, and had a son named Michael?",Lynch,I don't know.
